{
  
"result": true,
  
"plugins_": {
  
"AddedMe.lua":"[ملف امر منو ضافني](https://t.me/FIDRG/139)",
  
"TagAll.lua":"[ملف تاك منفصل للاعضاء](https://t.me/FIDRG/139)",
  
"TagAdmins.lua":"[ملف تاك منفصل للمشرفين](https://t.me/FIDRG/143)",
  
"ReplyBot.lua":"[ملف الردود الخاص بالسورس](https://t.me/FIDRG/142)",
      
"MuteNames.lua":"[ملف كتم الاسماء للمجموعات](https://t.me/FIDRG/150)",
  
"ProNames.lua":"[ملف وضع التوحيد للمجموعات](https://t.me/FIDRG/140)",
  
"ChangeName.lua":"[ملف التنبيه لتغيير الاسم](https://t.me/FIDRG/141)",
    
"ChangeUser.lua":"[ملف التنبيه لتغيير المعرف](https://t.me/FIDRG/149)",
  
"ChangePhoto.lua":"[ملف التنبيه لتغيير الصوره](https://t.me/FIDRG/148)",
  
"AutoFile.lua":"[ملف النسخ الاحتياطيه التلقائيه](https://t.me/FIDRG/144)",
  
}
  
}
